,Temp_Abs_Min (C),Temp_Abs_Max (C),Rain_Abs_Min (mm),Rain_Abs_Max (mm),Alt_Abs_Max (m),pH_Abs_Min,pH_Abs_Max,Texture_Abs,Fertility_Abs,Cycle_Min (Days),Cycle_Max (Days)
"Mean (Continuous), Mode (Categorical)",9.504823151125402,37.231511254019296,605.6109324758843,3069.6463022508037,1745.112540192926,4.6508038585209,7.724758842443729,"0    heavy, medium, light
dtype: object","0    low
dtype: object",155.66881028938906,305.7234726688103
Standard Deviation,3.9918234030987416,5.101337961659322,249.04387437551318,1297.1918318768028,772.1540274663851,0.48890034288736844,0.6686031585259778,na,na,49.46686370398931,47.7379344205463
